Model,MAE,RMSE,R2
GradientBoostingRegressor,13.178429823637655,21.8729973606277,0.6208613818864667
Ridge Regression,16.97347184407322,23.289347798631223,0.5701706422053346
RandomForestRegressor,13.070255913978494,23.567103017479415,0.5598569767749064
DummyRegressor,32.39851196670135,35.52593735385356,-0.00016698129861136835
