Model,MAE,RMSE,R2
RandomForestRegressor,0.027656532374270505,0.06358630607220035,0.6215297212512862
GradientBoostingRegressor,0.03392969149267626,0.081143564381694,0.38367079187821906
Ridge Regression,0.039554150877615823,0.08593006841842131,0.3088140478547069
DummyRegressor,0.0521342584811205,0.10363070760545223,-0.005267205300740985
