Model,MAE,RMSE,R2
GradientBoostingRegressor,9.44300811934466,15.603180463347016,0.695646301964576
RandomForestRegressor,8.777643386243383,16.575766017212892,0.6565215176831409
Ridge Regression,15.12913930652791,18.073706525277057,0.5916366365679158
DummyRegressor,24.88984126984127,28.62461827568311,-0.024310743159115855
